{
    "slides": [
        {
            "src": "images/carousel/project1.jpg",
            "alt": "E-commerce website project",
            "title": "E-commerce Platform",
            "description": "Developed a full-featured online store with custom cart functionality."
        },
        {
            "src": "images/carousel/project2.jpg",
            "alt": "Mobile app dashboard",
            "title": "Fitness Tracker App",
            "description": "Designed and developed a cross-platform fitness tracking application."
        },
        {
            "src": "images/carousel/project3.jpg",
            "alt": "Website redesign project",
            "title": "Corporate Website Redesign",
            "description": "Modernized the online presence for a financial services company."
        },
        {
            "src": "images/carousel/project4.jpg",
            "alt": "UI design system",
            "title": "Design System",
            "description": "Created a comprehensive design system for consistent UI across products."
        },
        {
            "src": "images/carousel/project5.jpg",
            "alt": "Social media dashboard",
            "title": "Analytics Dashboard",
            "description": "Built an interactive dashboard for social media performance metrics."
        }
    ]
}