{
    "images": [
        {
            "src": "images/pic1.jpg",
            "alt": "E-commerce website design",
            "title": "E-commerce Store",
            "category": "web",
            "fullSize": "images/pic1"
        },
        {
            "src": "images/pic2.jpg",
            "alt": "Brand identity design",
            "title": "Brand Identity",
            "category": "design",
            "fullSize": "images/gallery/full/design1.jpg"
        },
        {
            "src": "images/pic3.jpg",
            "alt": "Mobile app interface",
            "title": "Fitness App",
            "category": "mobile",
            "fullSize": "images/gallery/full/mobile1.jpg"
        },
        {
            "src": "images/pic4.jpg",
            "alt": "Corporate website redesign",
            "title": "Corporate Website",
            "category": "web",
            "fullSize": "images/gallery/full/web2.jpg"
        },
        {
            "src": "images/pic5.jpg",
            "alt": "Poster design",
            "title": "Music Festival Poster",
            "category": "design",
            "fullSize": "images/gallery/full/design2.jpg"
        },
        {
            "src": "images/pic6.jpg",
            "alt": "Travel app screens",
            "title": "Travel Planner",
            "category": "mobile",
            "fullSize": "images/gallery/full/mobile2.jpg"
        },
        {
            "src": "images/pic7.jpg",
            "alt": "Blog website",
            "title": "Personal Blog",
            "category": "web",
            "fullSize": "images/gallery/full/web3.jpg"
        },
        {
            "src": "images/pic8.jpg",
            "alt": "Logo design",
            "title": "Startup Logo",
            "category": "design",
            "fullSize": "images/gallery/full/design3.jpg"
        },
        {
            "src": "images/pic9.jpg",
            "alt": "Recipe app interface",
            "title": "Recipe App",
            "category": "mobile",
            "fullSize": "images/gallery/full/mobile3.jpg"
        }
    ]
}