{
    "technologies": [
        {
            "name": "JavaScript",
            "icon": "fab fa-js",
            "color": "#F7DF1E"
        },
        {
            "name": "React",
            "icon": "fab fa-react",
            "color": "#61DAFB"
        },
        {
            "name": "Node.js",
            "icon": "fab fa-node-js",
            "color": "#68A063"
        },
        {
            "name": "Python",
            "icon": "fab fa-python",
            "color": "#3776AB"
        },
        {
            "name": "Django",
            "icon": "fas fa-server",
            "color": "#092E20"
        },
        {
            "name": "AWS",
            "icon": "fab fa-aws",
            "color": "#FF9900"
        },
        {
            "name": "Docker",
            "icon": "fab fa-docker",
            "color": "#2496ED"
        },
        {
            "name": "Git",
            "icon": "fab fa-git-alt",
            "color": "#F05032"
        }
    ]
}